{
  "centerX":-298142.85714286,
  "centerY":781714.28571429,
  "zoom":1000000,
  "__version__":14
}